ticker,sample,split,timestamp,value,text,news_price_correlation,published_utc,article_url
PG,7029,input,2021-06-30 13:30:00,134.58,"Title: Gillette Maker Procter & Gamble Beats On Q4 Earnings; CFO Sees Rising Input Costs Across The Range 
 Content: ['', '© 2023 Benzinga.com. Benzinga does not provide investment advice. All rights reserved.']",Moderate Positive Correlation,2021-07-30T12:50:06Z,https://www.benzinga.com/news/earnings/21/07/22245826/gillette-maker-procter-gamble-beats-on-q4-earnings-cfo-sees-rising-input-costs-across-the-range
PG,7029,input,2021-06-30 14:30:00,134.455,"Title: Gillette Maker Procter & Gamble Beats On Q4 Earnings; CFO Sees Rising Input Costs Across The Range 
 Content: ['', '© 2023 Benzinga.com. Benzinga does not provide investment advice. All rights reserved.']",Moderate Positive Correlation,2021-07-30T12:50:06Z,https://www.benzinga.com/news/earnings/21/07/22245826/gillette-maker-procter-gamble-beats-on-q4-earnings-cfo-sees-rising-input-costs-across-the-range
PG,7029,input,2021-06-30 15:30:00,134.59,"Title: Gillette Maker Procter & Gamble Beats On Q4 Earnings; CFO Sees Rising Input Costs Across The Range 
 Content: ['', '© 2023 Benzinga.com. Benzinga does not provide investment advice. All rights reserved.']",Moderate Positive Correlation,2021-07-30T12:50:06Z,https://www.benzinga.com/news/earnings/21/07/22245826/gillette-maker-procter-gamble-beats-on-q4-earnings-cfo-sees-rising-input-costs-across-the-range
PG,7029,input,2021-06-30 16:30:00,134.45,"Title: Gillette Maker Procter & Gamble Beats On Q4 Earnings; CFO Sees Rising Input Costs Across The Range 
 Content: ['', '© 2023 Benzinga.com. Benzinga does not provide investment advice. All rights reserved.']",Moderate Positive Correlation,2021-07-30T12:50:06Z,https://www.benzinga.com/news/earnings/21/07/22245826/gillette-maker-procter-gamble-beats-on-q4-earnings-cfo-sees-rising-input-costs-across-the-range
PG,7029,input,2021-06-30 17:30:00,134.527,"Title: Gillette Maker Procter & Gamble Beats On Q4 Earnings; CFO Sees Rising Input Costs Across The Range 
 Content: ['', '© 2023 Benzinga.com. Benzinga does not provide investment advice. All rights reserved.']",Moderate Positive Correlation,2021-07-30T12:50:06Z,https://www.benzinga.com/news/earnings/21/07/22245826/gillette-maker-procter-gamble-beats-on-q4-earnings-cfo-sees-rising-input-costs-across-the-range
PG,7029,input,2021-06-30 18:30:00,134.735,"Title: Gillette Maker Procter & Gamble Beats On Q4 Earnings; CFO Sees Rising Input Costs Across The Range 
 Content: ['', '© 2023 Benzinga.com. Benzinga does not provide investment advice. All rights reserved.']",Moderate Positive Correlation,2021-07-30T12:50:06Z,https://www.benzinga.com/news/earnings/21/07/22245826/gillette-maker-procter-gamble-beats-on-q4-earnings-cfo-sees-rising-input-costs-across-the-range
PG,7029,input,2021-06-30 19:30:00,134.7463,"Title: Gillette Maker Procter & Gamble Beats On Q4 Earnings; CFO Sees Rising Input Costs Across The Range 
 Content: ['', '© 2023 Benzinga.com. Benzinga does not provide investment advice. All rights reserved.']",Moderate Positive Correlation,2021-07-30T12:50:06Z,https://www.benzinga.com/news/earnings/21/07/22245826/gillette-maker-procter-gamble-beats-on-q4-earnings-cfo-sees-rising-input-costs-across-the-range
PG,7029,input,2021-07-01 14:00:00,135.96,"Title: Gillette Maker Procter & Gamble Beats On Q4 Earnings; CFO Sees Rising Input Costs Across The Range 
 Content: ['', '© 2023 Benzinga.com. Benzinga does not provide investment advice. All rights reserved.']",Moderate Positive Correlation,2021-07-30T12:50:06Z,https://www.benzinga.com/news/earnings/21/07/22245826/gillette-maker-procter-gamble-beats-on-q4-earnings-cfo-sees-rising-input-costs-across-the-range
PG,7029,input,2021-07-01 15:00:00,135.08,"Title: Gillette Maker Procter & Gamble Beats On Q4 Earnings; CFO Sees Rising Input Costs Across The Range 
 Content: ['', '© 2023 Benzinga.com. Benzinga does not provide investment advice. All rights reserved.']",Moderate Positive Correlation,2021-07-30T12:50:06Z,https://www.benzinga.com/news/earnings/21/07/22245826/gillette-maker-procter-gamble-beats-on-q4-earnings-cfo-sees-rising-input-costs-across-the-range
PG,7029,input,2021-07-01 16:00:00,135.28,"Title: Gillette Maker Procter & Gamble Beats On Q4 Earnings; CFO Sees Rising Input Costs Across The Range 
 Content: ['', '© 2023 Benzinga.com. Benzinga does not provide investment advice. All rights reserved.']",Moderate Positive Correlation,2021-07-30T12:50:06Z,https://www.benzinga.com/news/earnings/21/07/22245826/gillette-maker-procter-gamble-beats-on-q4-earnings-cfo-sees-rising-input-costs-across-the-range
PG,7029,input,2021-07-01 17:00:00,135.225,"Title: Gillette Maker Procter & Gamble Beats On Q4 Earnings; CFO Sees Rising Input Costs Across The Range 
 Content: ['', '© 2023 Benzinga.com. Benzinga does not provide investment advice. All rights reserved.']",Moderate Positive Correlation,2021-07-30T12:50:06Z,https://www.benzinga.com/news/earnings/21/07/22245826/gillette-maker-procter-gamble-beats-on-q4-earnings-cfo-sees-rising-input-costs-across-the-range
PG,7029,input,2021-07-01 18:00:00,135.46,"Title: Gillette Maker Procter & Gamble Beats On Q4 Earnings; CFO Sees Rising Input Costs Across The Range 
 Content: ['', '© 2023 Benzinga.com. Benzinga does not provide investment advice. All rights reserved.']",Moderate Positive Correlation,2021-07-30T12:50:06Z,https://www.benzinga.com/news/earnings/21/07/22245826/gillette-maker-procter-gamble-beats-on-q4-earnings-cfo-sees-rising-input-costs-across-the-range
PG,7029,input,2021-07-01 19:00:00,135.305,"Title: Gillette Maker Procter & Gamble Beats On Q4 Earnings; CFO Sees Rising Input Costs Across The Range 
 Content: ['', '© 2023 Benzinga.com. Benzinga does not provide investment advice. All rights reserved.']",Moderate Positive Correlation,2021-07-30T12:50:06Z,https://www.benzinga.com/news/earnings/21/07/22245826/gillette-maker-procter-gamble-beats-on-q4-earnings-cfo-sees-rising-input-costs-across-the-range
PG,7029,input,2021-07-02 13:30:00,135.6,"Title: Gillette Maker Procter & Gamble Beats On Q4 Earnings; CFO Sees Rising Input Costs Across The Range 
 Content: ['', '© 2023 Benzinga.com. Benzinga does not provide investment advice. All rights reserved.']",Moderate Positive Correlation,2021-07-30T12:50:06Z,https://www.benzinga.com/news/earnings/21/07/22245826/gillette-maker-procter-gamble-beats-on-q4-earnings-cfo-sees-rising-input-costs-across-the-range
PG,7029,input,2021-07-02 14:30:00,136.13,"Title: Gillette Maker Procter & Gamble Beats On Q4 Earnings; CFO Sees Rising Input Costs Across The Range 
 Content: ['', '© 2023 Benzinga.com. Benzinga does not provide investment advice. All rights reserved.']",Moderate Positive Correlation,2021-07-30T12:50:06Z,https://www.benzinga.com/news/earnings/21/07/22245826/gillette-maker-procter-gamble-beats-on-q4-earnings-cfo-sees-rising-input-costs-across-the-range
PG,7029,input,2021-07-02 15:30:00,136.32,"Title: Gillette Maker Procter & Gamble Beats On Q4 Earnings; CFO Sees Rising Input Costs Across The Range 
 Content: ['', '© 2023 Benzinga.com. Benzinga does not provide investment advice. All rights reserved.']",Moderate Positive Correlation,2021-07-30T12:50:06Z,https://www.benzinga.com/news/earnings/21/07/22245826/gillette-maker-procter-gamble-beats-on-q4-earnings-cfo-sees-rising-input-costs-across-the-range
PG,7029,input,2021-07-02 16:30:00,136.35,"Title: Gillette Maker Procter & Gamble Beats On Q4 Earnings; CFO Sees Rising Input Costs Across The Range 
 Content: ['', '© 2023 Benzinga.com. Benzinga does not provide investment advice. All rights reserved.']",Moderate Positive Correlation,2021-07-30T12:50:06Z,https://www.benzinga.com/news/earnings/21/07/22245826/gillette-maker-procter-gamble-beats-on-q4-earnings-cfo-sees-rising-input-costs-across-the-range
PG,7029,input,2021-07-02 17:30:00,136.42,"Title: Gillette Maker Procter & Gamble Beats On Q4 Earnings; CFO Sees Rising Input Costs Across The Range 
 Content: ['', '© 2023 Benzinga.com. Benzinga does not provide investment advice. All rights reserved.']",Moderate Positive Correlation,2021-07-30T12:50:06Z,https://www.benzinga.com/news/earnings/21/07/22245826/gillette-maker-procter-gamble-beats-on-q4-earnings-cfo-sees-rising-input-costs-across-the-range
PG,7029,input,2021-07-02 18:30:00,136.5,"Title: Gillette Maker Procter & Gamble Beats On Q4 Earnings; CFO Sees Rising Input Costs Across The Range 
 Content: ['', '© 2023 Benzinga.com. Benzinga does not provide investment advice. All rights reserved.']",Moderate Positive Correlation,2021-07-30T12:50:06Z,https://www.benzinga.com/news/earnings/21/07/22245826/gillette-maker-procter-gamble-beats-on-q4-earnings-cfo-sees-rising-input-costs-across-the-range
PG,7029,input,2021-07-02 19:30:00,136.19,"Title: Gillette Maker Procter & Gamble Beats On Q4 Earnings; CFO Sees Rising Input Costs Across The Range 
 Content: ['', '© 2023 Benzinga.com. Benzinga does not provide investment advice. All rights reserved.']",Moderate Positive Correlation,2021-07-30T12:50:06Z,https://www.benzinga.com/news/earnings/21/07/22245826/gillette-maker-procter-gamble-beats-on-q4-earnings-cfo-sees-rising-input-costs-across-the-range
PG,7029,input,2021-07-06 14:00:00,136.16,"Title: Gillette Maker Procter & Gamble Beats On Q4 Earnings; CFO Sees Rising Input Costs Across The Range 
 Content: ['', '© 2023 Benzinga.com. Benzinga does not provide investment advice. All rights reserved.']",Moderate Positive Correlation,2021-07-30T12:50:06Z,https://www.benzinga.com/news/earnings/21/07/22245826/gillette-maker-procter-gamble-beats-on-q4-earnings-cfo-sees-rising-input-costs-across-the-range
PG,7029,input,2021-07-06 15:00:00,135.86,"Title: Gillette Maker Procter & Gamble Beats On Q4 Earnings; CFO Sees Rising Input Costs Across The Range 
 Content: ['', '© 2023 Benzinga.com. Benzinga does not provide investment advice. All rights reserved.']",Moderate Positive Correlation,2021-07-30T12:50:06Z,https://www.benzinga.com/news/earnings/21/07/22245826/gillette-maker-procter-gamble-beats-on-q4-earnings-cfo-sees-rising-input-costs-across-the-range
PG,7029,input,2021-07-06 16:00:00,135.728,"Title: Gillette Maker Procter & Gamble Beats On Q4 Earnings; CFO Sees Rising Input Costs Across The Range 
 Content: ['', '© 2023 Benzinga.com. Benzinga does not provide investment advice. All rights reserved.']",Moderate Positive Correlation,2021-07-30T12:50:06Z,https://www.benzinga.com/news/earnings/21/07/22245826/gillette-maker-procter-gamble-beats-on-q4-earnings-cfo-sees-rising-input-costs-across-the-range
PG,7029,input,2021-07-06 17:00:00,135.71,"Title: Gillette Maker Procter & Gamble Beats On Q4 Earnings; CFO Sees Rising Input Costs Across The Range 
 Content: ['', '© 2023 Benzinga.com. Benzinga does not provide investment advice. All rights reserved.']",Moderate Positive Correlation,2021-07-30T12:50:06Z,https://www.benzinga.com/news/earnings/21/07/22245826/gillette-maker-procter-gamble-beats-on-q4-earnings-cfo-sees-rising-input-costs-across-the-range
PG,7029,input,2021-07-06 18:00:00,135.7,"Title: Gillette Maker Procter & Gamble Beats On Q4 Earnings; CFO Sees Rising Input Costs Across The Range 
 Content: ['', '© 2023 Benzinga.com. Benzinga does not provide investment advice. All rights reserved.']",Moderate Positive Correlation,2021-07-30T12:50:06Z,https://www.benzinga.com/news/earnings/21/07/22245826/gillette-maker-procter-gamble-beats-on-q4-earnings-cfo-sees-rising-input-costs-across-the-range
PG,7029,input,2021-07-06 19:00:00,135.78,"Title: Gillette Maker Procter & Gamble Beats On Q4 Earnings; CFO Sees Rising Input Costs Across The Range 
 Content: ['', '© 2023 Benzinga.com. Benzinga does not provide investment advice. All rights reserved.']",Moderate Positive Correlation,2021-07-30T12:50:06Z,https://www.benzinga.com/news/earnings/21/07/22245826/gillette-maker-procter-gamble-beats-on-q4-earnings-cfo-sees-rising-input-costs-across-the-range
PG,7029,input,2021-07-07 13:30:00,136.03,"Title: Gillette Maker Procter & Gamble Beats On Q4 Earnings; CFO Sees Rising Input Costs Across The Range 
 Content: ['', '© 2023 Benzinga.com. Benzinga does not provide investment advice. All rights reserved.']",Moderate Positive Correlation,2021-07-30T12:50:06Z,https://www.benzinga.com/news/earnings/21/07/22245826/gillette-maker-procter-gamble-beats-on-q4-earnings-cfo-sees-rising-input-costs-across-the-range
PG,7029,input,2021-07-07 14:30:00,137.04,"Title: Gillette Maker Procter & Gamble Beats On Q4 Earnings; CFO Sees Rising Input Costs Across The Range 
 Content: ['', '© 2023 Benzinga.com. Benzinga does not provide investment advice. All rights reserved.']",Moderate Positive Correlation,2021-07-30T12:50:06Z,https://www.benzinga.com/news/earnings/21/07/22245826/gillette-maker-procter-gamble-beats-on-q4-earnings-cfo-sees-rising-input-costs-across-the-range
PG,7029,input,2021-07-07 15:30:00,137.445,"Title: Gillette Maker Procter & Gamble Beats On Q4 Earnings; CFO Sees Rising Input Costs Across The Range 
 Content: ['', '© 2023 Benzinga.com. Benzinga does not provide investment advice. All rights reserved.']",Moderate Positive Correlation,2021-07-30T12:50:06Z,https://www.benzinga.com/news/earnings/21/07/22245826/gillette-maker-procter-gamble-beats-on-q4-earnings-cfo-sees-rising-input-costs-across-the-range
PG,7029,input,2021-07-07 16:30:00,137.19,"Title: Gillette Maker Procter & Gamble Beats On Q4 Earnings; CFO Sees Rising Input Costs Across The Range 
 Content: ['', '© 2023 Benzinga.com. Benzinga does not provide investment advice. All rights reserved.']",Moderate Positive Correlation,2021-07-30T12:50:06Z,https://www.benzinga.com/news/earnings/21/07/22245826/gillette-maker-procter-gamble-beats-on-q4-earnings-cfo-sees-rising-input-costs-across-the-range
PG,7029,input,2021-07-07 17:30:00,137.08,"Title: Gillette Maker Procter & Gamble Beats On Q4 Earnings; CFO Sees Rising Input Costs Across The Range 
 Content: ['', '© 2023 Benzinga.com. Benzinga does not provide investment advice. All rights reserved.']",Moderate Positive Correlation,2021-07-30T12:50:06Z,https://www.benzinga.com/news/earnings/21/07/22245826/gillette-maker-procter-gamble-beats-on-q4-earnings-cfo-sees-rising-input-costs-across-the-range
PG,7029,input,2021-07-07 18:30:00,137.05,"Title: Gillette Maker Procter & Gamble Beats On Q4 Earnings; CFO Sees Rising Input Costs Across The Range 
 Content: ['', '© 2023 Benzinga.com. Benzinga does not provide investment advice. All rights reserved.']",Moderate Positive Correlation,2021-07-30T12:50:06Z,https://www.benzinga.com/news/earnings/21/07/22245826/gillette-maker-procter-gamble-beats-on-q4-earnings-cfo-sees-rising-input-costs-across-the-range
PG,7029,input,2021-07-07 19:30:00,137.02,"Title: Gillette Maker Procter & Gamble Beats On Q4 Earnings; CFO Sees Rising Input Costs Across The Range 
 Content: ['', '© 2023 Benzinga.com. Benzinga does not provide investment advice. All rights reserved.']",Moderate Positive Correlation,2021-07-30T12:50:06Z,https://www.benzinga.com/news/earnings/21/07/22245826/gillette-maker-procter-gamble-beats-on-q4-earnings-cfo-sees-rising-input-costs-across-the-range
PG,7029,input,2021-07-08 14:00:00,137.32,"Title: Gillette Maker Procter & Gamble Beats On Q4 Earnings; CFO Sees Rising Input Costs Across The Range 
 Content: ['', '© 2023 Benzinga.com. Benzinga does not provide investment advice. All rights reserved.']",Moderate Positive Correlation,2021-07-30T12:50:06Z,https://www.benzinga.com/news/earnings/21/07/22245826/gillette-maker-procter-gamble-beats-on-q4-earnings-cfo-sees-rising-input-costs-across-the-range
PG,7029,input,2021-07-08 15:00:00,136.19,"Title: Gillette Maker Procter & Gamble Beats On Q4 Earnings; CFO Sees Rising Input Costs Across The Range 
 Content: ['', '© 2023 Benzinga.com. Benzinga does not provide investment advice. All rights reserved.']",Moderate Positive Correlation,2021-07-30T12:50:06Z,https://www.benzinga.com/news/earnings/21/07/22245826/gillette-maker-procter-gamble-beats-on-q4-earnings-cfo-sees-rising-input-costs-across-the-range
PG,7029,input,2021-07-08 16:00:00,136.49,"Title: Gillette Maker Procter & Gamble Beats On Q4 Earnings; CFO Sees Rising Input Costs Across The Range 
 Content: ['', '© 2023 Benzinga.com. Benzinga does not provide investment advice. All rights reserved.']",Moderate Positive Correlation,2021-07-30T12:50:06Z,https://www.benzinga.com/news/earnings/21/07/22245826/gillette-maker-procter-gamble-beats-on-q4-earnings-cfo-sees-rising-input-costs-across-the-range
PG,7029,input,2021-07-08 17:00:00,136.9,"Title: Gillette Maker Procter & Gamble Beats On Q4 Earnings; CFO Sees Rising Input Costs Across The Range 
 Content: ['', '© 2023 Benzinga.com. Benzinga does not provide investment advice. All rights reserved.']",Moderate Positive Correlation,2021-07-30T12:50:06Z,https://www.benzinga.com/news/earnings/21/07/22245826/gillette-maker-procter-gamble-beats-on-q4-earnings-cfo-sees-rising-input-costs-across-the-range
PG,7029,input,2021-07-08 18:00:00,136.885,"Title: Gillette Maker Procter & Gamble Beats On Q4 Earnings; CFO Sees Rising Input Costs Across The Range 
 Content: ['', '© 2023 Benzinga.com. Benzinga does not provide investment advice. All rights reserved.']",Moderate Positive Correlation,2021-07-30T12:50:06Z,https://www.benzinga.com/news/earnings/21/07/22245826/gillette-maker-procter-gamble-beats-on-q4-earnings-cfo-sees-rising-input-costs-across-the-range
PG,7029,input,2021-07-08 19:00:00,136.98,"Title: Gillette Maker Procter & Gamble Beats On Q4 Earnings; CFO Sees Rising Input Costs Across The Range 
 Content: ['', '© 2023 Benzinga.com. Benzinga does not provide investment advice. All rights reserved.']",Moderate Positive Correlation,2021-07-30T12:50:06Z,https://www.benzinga.com/news/earnings/21/07/22245826/gillette-maker-procter-gamble-beats-on-q4-earnings-cfo-sees-rising-input-costs-across-the-range
PG,7029,input,2021-07-09 13:30:00,137.24,"Title: Gillette Maker Procter & Gamble Beats On Q4 Earnings; CFO Sees Rising Input Costs Across The Range 
 Content: ['', '© 2023 Benzinga.com. Benzinga does not provide investment advice. All rights reserved.']",Moderate Positive Correlation,2021-07-30T12:50:06Z,https://www.benzinga.com/news/earnings/21/07/22245826/gillette-maker-procter-gamble-beats-on-q4-earnings-cfo-sees-rising-input-costs-across-the-range
PG,7029,input,2021-07-09 14:30:00,137.33,"Title: Gillette Maker Procter & Gamble Beats On Q4 Earnings; CFO Sees Rising Input Costs Across The Range 
 Content: ['', '© 2023 Benzinga.com. Benzinga does not provide investment advice. All rights reserved.']",Moderate Positive Correlation,2021-07-30T12:50:06Z,https://www.benzinga.com/news/earnings/21/07/22245826/gillette-maker-procter-gamble-beats-on-q4-earnings-cfo-sees-rising-input-costs-across-the-range
PG,7029,input,2021-07-09 15:30:00,137.2,"Title: Gillette Maker Procter & Gamble Beats On Q4 Earnings; CFO Sees Rising Input Costs Across The Range 
 Content: ['', '© 2023 Benzinga.com. Benzinga does not provide investment advice. All rights reserved.']",Moderate Positive Correlation,2021-07-30T12:50:06Z,https://www.benzinga.com/news/earnings/21/07/22245826/gillette-maker-procter-gamble-beats-on-q4-earnings-cfo-sees-rising-input-costs-across-the-range
PG,7029,input,2021-07-09 16:30:00,137.09,"Title: Gillette Maker Procter & Gamble Beats On Q4 Earnings; CFO Sees Rising Input Costs Across The Range 
 Content: ['', '© 2023 Benzinga.com. Benzinga does not provide investment advice. All rights reserved.']",Moderate Positive Correlation,2021-07-30T12:50:06Z,https://www.benzinga.com/news/earnings/21/07/22245826/gillette-maker-procter-gamble-beats-on-q4-earnings-cfo-sees-rising-input-costs-across-the-range
PG,7029,input,2021-07-09 17:30:00,137.13,"Title: Gillette Maker Procter & Gamble Beats On Q4 Earnings; CFO Sees Rising Input Costs Across The Range 
 Content: ['', '© 2023 Benzinga.com. Benzinga does not provide investment advice. All rights reserved.']",Moderate Positive Correlation,2021-07-30T12:50:06Z,https://www.benzinga.com/news/earnings/21/07/22245826/gillette-maker-procter-gamble-beats-on-q4-earnings-cfo-sees-rising-input-costs-across-the-range
PG,7029,input,2021-07-09 18:30:00,137.2,"Title: Gillette Maker Procter & Gamble Beats On Q4 Earnings; CFO Sees Rising Input Costs Across The Range 
 Content: ['', '© 2023 Benzinga.com. Benzinga does not provide investment advice. All rights reserved.']",Moderate Positive Correlation,2021-07-30T12:50:06Z,https://www.benzinga.com/news/earnings/21/07/22245826/gillette-maker-procter-gamble-beats-on-q4-earnings-cfo-sees-rising-input-costs-across-the-range
PG,7029,input,2021-07-09 19:30:00,137.22,"Title: Gillette Maker Procter & Gamble Beats On Q4 Earnings; CFO Sees Rising Input Costs Across The Range 
 Content: ['', '© 2023 Benzinga.com. Benzinga does not provide investment advice. All rights reserved.']",Moderate Positive Correlation,2021-07-30T12:50:06Z,https://www.benzinga.com/news/earnings/21/07/22245826/gillette-maker-procter-gamble-beats-on-q4-earnings-cfo-sees-rising-input-costs-across-the-range
PG,7029,input,2021-07-12 14:00:00,137.18,"Title: Gillette Maker Procter & Gamble Beats On Q4 Earnings; CFO Sees Rising Input Costs Across The Range 
 Content: ['', '© 2023 Benzinga.com. Benzinga does not provide investment advice. All rights reserved.']",Moderate Positive Correlation,2021-07-30T12:50:06Z,https://www.benzinga.com/news/earnings/21/07/22245826/gillette-maker-procter-gamble-beats-on-q4-earnings-cfo-sees-rising-input-costs-across-the-range
PG,7029,input,2021-07-12 15:00:00,137.03,"Title: Gillette Maker Procter & Gamble Beats On Q4 Earnings; CFO Sees Rising Input Costs Across The Range 
 Content: ['', '© 2023 Benzinga.com. Benzinga does not provide investment advice. All rights reserved.']",Moderate Positive Correlation,2021-07-30T12:50:06Z,https://www.benzinga.com/news/earnings/21/07/22245826/gillette-maker-procter-gamble-beats-on-q4-earnings-cfo-sees-rising-input-costs-across-the-range
PG,7029,input,2021-07-12 16:00:00,136.54,"Title: Gillette Maker Procter & Gamble Beats On Q4 Earnings; CFO Sees Rising Input Costs Across The Range 
 Content: ['', '© 2023 Benzinga.com. Benzinga does not provide investment advice. All rights reserved.']",Moderate Positive Correlation,2021-07-30T12:50:06Z,https://www.benzinga.com/news/earnings/21/07/22245826/gillette-maker-procter-gamble-beats-on-q4-earnings-cfo-sees-rising-input-costs-across-the-range
PG,7029,input,2021-07-12 17:00:00,136.76,"Title: Gillette Maker Procter & Gamble Beats On Q4 Earnings; CFO Sees Rising Input Costs Across The Range 
 Content: ['', '© 2023 Benzinga.com. Benzinga does not provide investment advice. All rights reserved.']",Moderate Positive Correlation,2021-07-30T12:50:06Z,https://www.benzinga.com/news/earnings/21/07/22245826/gillette-maker-procter-gamble-beats-on-q4-earnings-cfo-sees-rising-input-costs-across-the-range
PG,7029,input,2021-07-12 18:00:00,136.86,"Title: Gillette Maker Procter & Gamble Beats On Q4 Earnings; CFO Sees Rising Input Costs Across The Range 
 Content: ['', '© 2023 Benzinga.com. Benzinga does not provide investment advice. All rights reserved.']",Moderate Positive Correlation,2021-07-30T12:50:06Z,https://www.benzinga.com/news/earnings/21/07/22245826/gillette-maker-procter-gamble-beats-on-q4-earnings-cfo-sees-rising-input-costs-across-the-range
PG,7029,input,2021-07-12 19:00:00,136.74,"Title: Gillette Maker Procter & Gamble Beats On Q4 Earnings; CFO Sees Rising Input Costs Across The Range 
 Content: ['', '© 2023 Benzinga.com. Benzinga does not provide investment advice. All rights reserved.']",Moderate Positive Correlation,2021-07-30T12:50:06Z,https://www.benzinga.com/news/earnings/21/07/22245826/gillette-maker-procter-gamble-beats-on-q4-earnings-cfo-sees-rising-input-costs-across-the-range
PG,7029,input,2021-07-13 13:30:00,136.39,"Title: Gillette Maker Procter & Gamble Beats On Q4 Earnings; CFO Sees Rising Input Costs Across The Range 
 Content: ['', '© 2023 Benzinga.com. Benzinga does not provide investment advice. All rights reserved.']",Moderate Positive Correlation,2021-07-30T12:50:06Z,https://www.benzinga.com/news/earnings/21/07/22245826/gillette-maker-procter-gamble-beats-on-q4-earnings-cfo-sees-rising-input-costs-across-the-range
PG,7029,input,2021-07-13 14:30:00,137.19,"Title: Gillette Maker Procter & Gamble Beats On Q4 Earnings; CFO Sees Rising Input Costs Across The Range 
 Content: ['', '© 2023 Benzinga.com. Benzinga does not provide investment advice. All rights reserved.']",Moderate Positive Correlation,2021-07-30T12:50:06Z,https://www.benzinga.com/news/earnings/21/07/22245826/gillette-maker-procter-gamble-beats-on-q4-earnings-cfo-sees-rising-input-costs-across-the-range
PG,7029,input,2021-07-13 15:30:00,137.41,"Title: Gillette Maker Procter & Gamble Beats On Q4 Earnings; CFO Sees Rising Input Costs Across The Range 
 Content: ['', '© 2023 Benzinga.com. Benzinga does not provide investment advice. All rights reserved.']",Moderate Positive Correlation,2021-07-30T12:50:06Z,https://www.benzinga.com/news/earnings/21/07/22245826/gillette-maker-procter-gamble-beats-on-q4-earnings-cfo-sees-rising-input-costs-across-the-range
PG,7029,input,2021-07-13 16:30:00,137.26,"Title: Gillette Maker Procter & Gamble Beats On Q4 Earnings; CFO Sees Rising Input Costs Across The Range 
 Content: ['', '© 2023 Benzinga.com. Benzinga does not provide investment advice. All rights reserved.']",Moderate Positive Correlation,2021-07-30T12:50:06Z,https://www.benzinga.com/news/earnings/21/07/22245826/gillette-maker-procter-gamble-beats-on-q4-earnings-cfo-sees-rising-input-costs-across-the-range
PG,7029,input,2021-07-13 17:30:00,137.32,"Title: Gillette Maker Procter & Gamble Beats On Q4 Earnings; CFO Sees Rising Input Costs Across The Range 
 Content: ['', '© 2023 Benzinga.com. Benzinga does not provide investment advice. All rights reserved.']",Moderate Positive Correlation,2021-07-30T12:50:06Z,https://www.benzinga.com/news/earnings/21/07/22245826/gillette-maker-procter-gamble-beats-on-q4-earnings-cfo-sees-rising-input-costs-across-the-range
PG,7029,input,2021-07-13 18:30:00,137.13,"Title: Gillette Maker Procter & Gamble Beats On Q4 Earnings; CFO Sees Rising Input Costs Across The Range 
 Content: ['', '© 2023 Benzinga.com. Benzinga does not provide investment advice. All rights reserved.']",Moderate Positive Correlation,2021-07-30T12:50:06Z,https://www.benzinga.com/news/earnings/21/07/22245826/gillette-maker-procter-gamble-beats-on-q4-earnings-cfo-sees-rising-input-costs-across-the-range
PG,7029,input,2021-07-13 19:30:00,136.91,"Title: Gillette Maker Procter & Gamble Beats On Q4 Earnings; CFO Sees Rising Input Costs Across The Range 
 Content: ['', '© 2023 Benzinga.com. Benzinga does not provide investment advice. All rights reserved.']",Moderate Positive Correlation,2021-07-30T12:50:06Z,https://www.benzinga.com/news/earnings/21/07/22245826/gillette-maker-procter-gamble-beats-on-q4-earnings-cfo-sees-rising-input-costs-across-the-range
PG,7029,input,2021-07-14 14:00:00,136.89,"Title: Gillette Maker Procter & Gamble Beats On Q4 Earnings; CFO Sees Rising Input Costs Across The Range 
 Content: ['', '© 2023 Benzinga.com. Benzinga does not provide investment advice. All rights reserved.']",Moderate Positive Correlation,2021-07-30T12:50:06Z,https://www.benzinga.com/news/earnings/21/07/22245826/gillette-maker-procter-gamble-beats-on-q4-earnings-cfo-sees-rising-input-costs-across-the-range
PG,7029,input,2021-07-14 15:00:00,137.71,"Title: Gillette Maker Procter & Gamble Beats On Q4 Earnings; CFO Sees Rising Input Costs Across The Range 
 Content: ['', '© 2023 Benzinga.com. Benzinga does not provide investment advice. All rights reserved.']",Moderate Positive Correlation,2021-07-30T12:50:06Z,https://www.benzinga.com/news/earnings/21/07/22245826/gillette-maker-procter-gamble-beats-on-q4-earnings-cfo-sees-rising-input-costs-across-the-range
PG,7029,input,2021-07-14 16:00:00,137.89,"Title: Gillette Maker Procter & Gamble Beats On Q4 Earnings; CFO Sees Rising Input Costs Across The Range 
 Content: ['', '© 2023 Benzinga.com. Benzinga does not provide investment advice. All rights reserved.']",Moderate Positive Correlation,2021-07-30T12:50:06Z,https://www.benzinga.com/news/earnings/21/07/22245826/gillette-maker-procter-gamble-beats-on-q4-earnings-cfo-sees-rising-input-costs-across-the-range
PG,7029,input,2021-07-14 17:00:00,137.65,"Title: Gillette Maker Procter & Gamble Beats On Q4 Earnings; CFO Sees Rising Input Costs Across The Range 
 Content: ['', '© 2023 Benzinga.com. Benzinga does not provide investment advice. All rights reserved.']",Moderate Positive Correlation,2021-07-30T12:50:06Z,https://www.benzinga.com/news/earnings/21/07/22245826/gillette-maker-procter-gamble-beats-on-q4-earnings-cfo-sees-rising-input-costs-across-the-range
PG,7029,input,2021-07-14 18:00:00,137.88,"Title: Gillette Maker Procter & Gamble Beats On Q4 Earnings; CFO Sees Rising Input Costs Across The Range 
 Content: ['', '© 2023 Benzinga.com. Benzinga does not provide investment advice. All rights reserved.']",Moderate Positive Correlation,2021-07-30T12:50:06Z,https://www.benzinga.com/news/earnings/21/07/22245826/gillette-maker-procter-gamble-beats-on-q4-earnings-cfo-sees-rising-input-costs-across-the-range
PG,7029,input,2021-07-14 19:00:00,138.02,"Title: Gillette Maker Procter & Gamble Beats On Q4 Earnings; CFO Sees Rising Input Costs Across The Range 
 Content: ['', '© 2023 Benzinga.com. Benzinga does not provide investment advice. All rights reserved.']",Moderate Positive Correlation,2021-07-30T12:50:06Z,https://www.benzinga.com/news/earnings/21/07/22245826/gillette-maker-procter-gamble-beats-on-q4-earnings-cfo-sees-rising-input-costs-across-the-range
PG,7029,input,2021-07-15 13:30:00,138.01,"Title: Gillette Maker Procter & Gamble Beats On Q4 Earnings; CFO Sees Rising Input Costs Across The Range 
 Content: ['', '© 2023 Benzinga.com. Benzinga does not provide investment advice. All rights reserved.']",Moderate Positive Correlation,2021-07-30T12:50:06Z,https://www.benzinga.com/news/earnings/21/07/22245826/gillette-maker-procter-gamble-beats-on-q4-earnings-cfo-sees-rising-input-costs-across-the-range
PG,7029,input,2021-07-15 14:30:00,138.24,"Title: Gillette Maker Procter & Gamble Beats On Q4 Earnings; CFO Sees Rising Input Costs Across The Range 
 Content: ['', '© 2023 Benzinga.com. Benzinga does not provide investment advice. All rights reserved.']",Moderate Positive Correlation,2021-07-30T12:50:06Z,https://www.benzinga.com/news/earnings/21/07/22245826/gillette-maker-procter-gamble-beats-on-q4-earnings-cfo-sees-rising-input-costs-across-the-range
PG,7029,input,2021-07-15 15:30:00,137.83,"Title: Gillette Maker Procter & Gamble Beats On Q4 Earnings; CFO Sees Rising Input Costs Across The Range 
 Content: ['', '© 2023 Benzinga.com. Benzinga does not provide investment advice. All rights reserved.']",Moderate Positive Correlation,2021-07-30T12:50:06Z,https://www.benzinga.com/news/earnings/21/07/22245826/gillette-maker-procter-gamble-beats-on-q4-earnings-cfo-sees-rising-input-costs-across-the-range
PG,7029,input,2021-07-15 16:30:00,138.06,"Title: Gillette Maker Procter & Gamble Beats On Q4 Earnings; CFO Sees Rising Input Costs Across The Range 
 Content: ['', '© 2023 Benzinga.com. Benzinga does not provide investment advice. All rights reserved.']",Moderate Positive Correlation,2021-07-30T12:50:06Z,https://www.benzinga.com/news/earnings/21/07/22245826/gillette-maker-procter-gamble-beats-on-q4-earnings-cfo-sees-rising-input-costs-across-the-range
PG,7029,input,2021-07-15 17:30:00,138.28,"Title: Gillette Maker Procter & Gamble Beats On Q4 Earnings; CFO Sees Rising Input Costs Across The Range 
 Content: ['', '© 2023 Benzinga.com. Benzinga does not provide investment advice. All rights reserved.']",Moderate Positive Correlation,2021-07-30T12:50:06Z,https://www.benzinga.com/news/earnings/21/07/22245826/gillette-maker-procter-gamble-beats-on-q4-earnings-cfo-sees-rising-input-costs-across-the-range
PG,7029,input,2021-07-15 18:30:00,138.58,"Title: Gillette Maker Procter & Gamble Beats On Q4 Earnings; CFO Sees Rising Input Costs Across The Range 
 Content: ['', '© 2023 Benzinga.com. Benzinga does not provide investment advice. All rights reserved.']",Moderate Positive Correlation,2021-07-30T12:50:06Z,https://www.benzinga.com/news/earnings/21/07/22245826/gillette-maker-procter-gamble-beats-on-q4-earnings-cfo-sees-rising-input-costs-across-the-range
PG,7029,input,2021-07-15 19:30:00,138.915,"Title: Gillette Maker Procter & Gamble Beats On Q4 Earnings; CFO Sees Rising Input Costs Across The Range 
 Content: ['', '© 2023 Benzinga.com. Benzinga does not provide investment advice. All rights reserved.']",Moderate Positive Correlation,2021-07-30T12:50:06Z,https://www.benzinga.com/news/earnings/21/07/22245826/gillette-maker-procter-gamble-beats-on-q4-earnings-cfo-sees-rising-input-costs-across-the-range
PG,7029,input,2021-07-16 14:00:00,139.55,"Title: Gillette Maker Procter & Gamble Beats On Q4 Earnings; CFO Sees Rising Input Costs Across The Range 
 Content: ['', '© 2023 Benzinga.com. Benzinga does not provide investment advice. All rights reserved.']",Moderate Positive Correlation,2021-07-30T12:50:06Z,https://www.benzinga.com/news/earnings/21/07/22245826/gillette-maker-procter-gamble-beats-on-q4-earnings-cfo-sees-rising-input-costs-across-the-range
PG,7029,input,2021-07-16 15:00:00,139.84,"Title: Gillette Maker Procter & Gamble Beats On Q4 Earnings; CFO Sees Rising Input Costs Across The Range 
 Content: ['', '© 2023 Benzinga.com. Benzinga does not provide investment advice. All rights reserved.']",Moderate Positive Correlation,2021-07-30T12:50:06Z,https://www.benzinga.com/news/earnings/21/07/22245826/gillette-maker-procter-gamble-beats-on-q4-earnings-cfo-sees-rising-input-costs-across-the-range
PG,7029,input,2021-07-16 16:00:00,139.91,"Title: Gillette Maker Procter & Gamble Beats On Q4 Earnings; CFO Sees Rising Input Costs Across The Range 
 Content: ['', '© 2023 Benzinga.com. Benzinga does not provide investment advice. All rights reserved.']",Moderate Positive Correlation,2021-07-30T12:50:06Z,https://www.benzinga.com/news/earnings/21/07/22245826/gillette-maker-procter-gamble-beats-on-q4-earnings-cfo-sees-rising-input-costs-across-the-range
PG,7029,input,2021-07-16 17:00:00,140.06,"Title: Gillette Maker Procter & Gamble Beats On Q4 Earnings; CFO Sees Rising Input Costs Across The Range 
 Content: ['', '© 2023 Benzinga.com. Benzinga does not provide investment advice. All rights reserved.']",Moderate Positive Correlation,2021-07-30T12:50:06Z,https://www.benzinga.com/news/earnings/21/07/22245826/gillette-maker-procter-gamble-beats-on-q4-earnings-cfo-sees-rising-input-costs-across-the-range
PG,7029,input,2021-07-16 18:00:00,140.42,"Title: Gillette Maker Procter & Gamble Beats On Q4 Earnings; CFO Sees Rising Input Costs Across The Range 
 Content: ['', '© 2023 Benzinga.com. Benzinga does not provide investment advice. All rights reserved.']",Moderate Positive Correlation,2021-07-30T12:50:06Z,https://www.benzinga.com/news/earnings/21/07/22245826/gillette-maker-procter-gamble-beats-on-q4-earnings-cfo-sees-rising-input-costs-across-the-range
PG,7029,input,2021-07-16 19:00:00,140.52,"Title: Gillette Maker Procter & Gamble Beats On Q4 Earnings; CFO Sees Rising Input Costs Across The Range 
 Content: ['', '© 2023 Benzinga.com. Benzinga does not provide investment advice. All rights reserved.']",Moderate Positive Correlation,2021-07-30T12:50:06Z,https://www.benzinga.com/news/earnings/21/07/22245826/gillette-maker-procter-gamble-beats-on-q4-earnings-cfo-sees-rising-input-costs-across-the-range
PG,7029,input,2021-07-19 13:30:00,140.32,"Title: Gillette Maker Procter & Gamble Beats On Q4 Earnings; CFO Sees Rising Input Costs Across The Range 
 Content: ['', '© 2023 Benzinga.com. Benzinga does not provide investment advice. All rights reserved.']",Moderate Positive Correlation,2021-07-30T12:50:06Z,https://www.benzinga.com/news/earnings/21/07/22245826/gillette-maker-procter-gamble-beats-on-q4-earnings-cfo-sees-rising-input-costs-across-the-range
PG,7029,input,2021-07-19 14:30:00,140.67,"Title: Gillette Maker Procter & Gamble Beats On Q4 Earnings; CFO Sees Rising Input Costs Across The Range 
 Content: ['', '© 2023 Benzinga.com. Benzinga does not provide investment advice. All rights reserved.']",Moderate Positive Correlation,2021-07-30T12:50:06Z,https://www.benzinga.com/news/earnings/21/07/22245826/gillette-maker-procter-gamble-beats-on-q4-earnings-cfo-sees-rising-input-costs-across-the-range
PG,7029,input,2021-07-19 15:30:00,139.74,"Title: Gillette Maker Procter & Gamble Beats On Q4 Earnings; CFO Sees Rising Input Costs Across The Range 
 Content: ['', '© 2023 Benzinga.com. Benzinga does not provide investment advice. All rights reserved.']",Moderate Positive Correlation,2021-07-30T12:50:06Z,https://www.benzinga.com/news/earnings/21/07/22245826/gillette-maker-procter-gamble-beats-on-q4-earnings-cfo-sees-rising-input-costs-across-the-range
PG,7029,input,2021-07-19 16:30:00,139.17,"Title: Gillette Maker Procter & Gamble Beats On Q4 Earnings; CFO Sees Rising Input Costs Across The Range 
 Content: ['', '© 2023 Benzinga.com. Benzinga does not provide investment advice. All rights reserved.']",Moderate Positive Correlation,2021-07-30T12:50:06Z,https://www.benzinga.com/news/earnings/21/07/22245826/gillette-maker-procter-gamble-beats-on-q4-earnings-cfo-sees-rising-input-costs-across-the-range
PG,7029,input,2021-07-19 17:30:00,138.965,"Title: Gillette Maker Procter & Gamble Beats On Q4 Earnings; CFO Sees Rising Input Costs Across The Range 
 Content: ['', '© 2023 Benzinga.com. Benzinga does not provide investment advice. All rights reserved.']",Moderate Positive Correlation,2021-07-30T12:50:06Z,https://www.benzinga.com/news/earnings/21/07/22245826/gillette-maker-procter-gamble-beats-on-q4-earnings-cfo-sees-rising-input-costs-across-the-range
PG,7029,input,2021-07-19 18:30:00,139.5,"Title: Gillette Maker Procter & Gamble Beats On Q4 Earnings; CFO Sees Rising Input Costs Across The Range 
 Content: ['', '© 2023 Benzinga.com. Benzinga does not provide investment advice. All rights reserved.']",Moderate Positive Correlation,2021-07-30T12:50:06Z,https://www.benzinga.com/news/earnings/21/07/22245826/gillette-maker-procter-gamble-beats-on-q4-earnings-cfo-sees-rising-input-costs-across-the-range
PG,7029,input,2021-07-19 19:30:00,139.545,"Title: Gillette Maker Procter & Gamble Beats On Q4 Earnings; CFO Sees Rising Input Costs Across The Range 
 Content: ['', '© 2023 Benzinga.com. Benzinga does not provide investment advice. All rights reserved.']",Moderate Positive Correlation,2021-07-30T12:50:06Z,https://www.benzinga.com/news/earnings/21/07/22245826/gillette-maker-procter-gamble-beats-on-q4-earnings-cfo-sees-rising-input-costs-across-the-range
PG,7029,input,2021-07-20 14:00:00,141.7608,"Title: Gillette Maker Procter & Gamble Beats On Q4 Earnings; CFO Sees Rising Input Costs Across The Range 
 Content: ['', '© 2023 Benzinga.com. Benzinga does not provide investment advice. All rights reserved.']",Moderate Positive Correlation,2021-07-30T12:50:06Z,https://www.benzinga.com/news/earnings/21/07/22245826/gillette-maker-procter-gamble-beats-on-q4-earnings-cfo-sees-rising-input-costs-across-the-range
PG,7029,input,2021-07-20 15:00:00,141.0,"Title: Gillette Maker Procter & Gamble Beats On Q4 Earnings; CFO Sees Rising Input Costs Across The Range 
 Content: ['', '© 2023 Benzinga.com. Benzinga does not provide investment advice. All rights reserved.']",Moderate Positive Correlation,2021-07-30T12:50:06Z,https://www.benzinga.com/news/earnings/21/07/22245826/gillette-maker-procter-gamble-beats-on-q4-earnings-cfo-sees-rising-input-costs-across-the-range
PG,7029,input,2021-07-20 16:00:00,140.64,"Title: Gillette Maker Procter & Gamble Beats On Q4 Earnings; CFO Sees Rising Input Costs Across The Range 
 Content: ['', '© 2023 Benzinga.com. Benzinga does not provide investment advice. All rights reserved.']",Moderate Positive Correlation,2021-07-30T12:50:06Z,https://www.benzinga.com/news/earnings/21/07/22245826/gillette-maker-procter-gamble-beats-on-q4-earnings-cfo-sees-rising-input-costs-across-the-range
PG,7029,input,2021-07-20 17:00:00,140.18,"Title: Gillette Maker Procter & Gamble Beats On Q4 Earnings; CFO Sees Rising Input Costs Across The Range 
 Content: ['', '© 2023 Benzinga.com. Benzinga does not provide investment advice. All rights reserved.']",Moderate Positive Correlation,2021-07-30T12:50:06Z,https://www.benzinga.com/news/earnings/21/07/22245826/gillette-maker-procter-gamble-beats-on-q4-earnings-cfo-sees-rising-input-costs-across-the-range
PG,7029,input,2021-07-20 18:00:00,139.685,"Title: Gillette Maker Procter & Gamble Beats On Q4 Earnings; CFO Sees Rising Input Costs Across The Range 
 Content: ['', '© 2023 Benzinga.com. Benzinga does not provide investment advice. All rights reserved.']",Moderate Positive Correlation,2021-07-30T12:50:06Z,https://www.benzinga.com/news/earnings/21/07/22245826/gillette-maker-procter-gamble-beats-on-q4-earnings-cfo-sees-rising-input-costs-across-the-range
PG,7029,input,2021-07-20 19:00:00,140.025,"Title: Gillette Maker Procter & Gamble Beats On Q4 Earnings; CFO Sees Rising Input Costs Across The Range 
 Content: ['', '© 2023 Benzinga.com. Benzinga does not provide investment advice. All rights reserved.']",Moderate Positive Correlation,2021-07-30T12:50:06Z,https://www.benzinga.com/news/earnings/21/07/22245826/gillette-maker-procter-gamble-beats-on-q4-earnings-cfo-sees-rising-input-costs-across-the-range
PG,7029,input,2021-07-21 13:30:00,139.95,"Title: Gillette Maker Procter & Gamble Beats On Q4 Earnings; CFO Sees Rising Input Costs Across The Range 
 Content: ['', '© 2023 Benzinga.com. Benzinga does not provide investment advice. All rights reserved.']",Moderate Positive Correlation,2021-07-30T12:50:06Z,https://www.benzinga.com/news/earnings/21/07/22245826/gillette-maker-procter-gamble-beats-on-q4-earnings-cfo-sees-rising-input-costs-across-the-range
PG,7029,input,2021-07-21 14:30:00,139.34,"Title: Gillette Maker Procter & Gamble Beats On Q4 Earnings; CFO Sees Rising Input Costs Across The Range 
 Content: ['', '© 2023 Benzinga.com. Benzinga does not provide investment advice. All rights reserved.']",Moderate Positive Correlation,2021-07-30T12:50:06Z,https://www.benzinga.com/news/earnings/21/07/22245826/gillette-maker-procter-gamble-beats-on-q4-earnings-cfo-sees-rising-input-costs-across-the-range
PG,7029,input,2021-07-21 15:30:00,139.64,"Title: Gillette Maker Procter & Gamble Beats On Q4 Earnings; CFO Sees Rising Input Costs Across The Range 
 Content: ['', '© 2023 Benzinga.com. Benzinga does not provide investment advice. All rights reserved.']",Moderate Positive Correlation,2021-07-30T12:50:06Z,https://www.benzinga.com/news/earnings/21/07/22245826/gillette-maker-procter-gamble-beats-on-q4-earnings-cfo-sees-rising-input-costs-across-the-range
PG,7029,input,2021-07-21 16:30:00,139.03,"Title: Gillette Maker Procter & Gamble Beats On Q4 Earnings; CFO Sees Rising Input Costs Across The Range 
 Content: ['', '© 2023 Benzinga.com. Benzinga does not provide investment advice. All rights reserved.']",Moderate Positive Correlation,2021-07-30T12:50:06Z,https://www.benzinga.com/news/earnings/21/07/22245826/gillette-maker-procter-gamble-beats-on-q4-earnings-cfo-sees-rising-input-costs-across-the-range
PG,7029,input,2021-07-21 17:30:00,139.32,"Title: Gillette Maker Procter & Gamble Beats On Q4 Earnings; CFO Sees Rising Input Costs Across The Range 
 Content: ['', '© 2023 Benzinga.com. Benzinga does not provide investment advice. All rights reserved.']",Moderate Positive Correlation,2021-07-30T12:50:06Z,https://www.benzinga.com/news/earnings/21/07/22245826/gillette-maker-procter-gamble-beats-on-q4-earnings-cfo-sees-rising-input-costs-across-the-range
PG,7029,input,2021-07-21 18:30:00,139.26,"Title: Gillette Maker Procter & Gamble Beats On Q4 Earnings; CFO Sees Rising Input Costs Across The Range 
 Content: ['', '© 2023 Benzinga.com. Benzinga does not provide investment advice. All rights reserved.']",Moderate Positive Correlation,2021-07-30T12:50:06Z,https://www.benzinga.com/news/earnings/21/07/22245826/gillette-maker-procter-gamble-beats-on-q4-earnings-cfo-sees-rising-input-costs-across-the-range
PG,7029,input,2021-07-21 19:30:00,139.485,"Title: Gillette Maker Procter & Gamble Beats On Q4 Earnings; CFO Sees Rising Input Costs Across The Range 
 Content: ['', '© 2023 Benzinga.com. Benzinga does not provide investment advice. All rights reserved.']",Moderate Positive Correlation,2021-07-30T12:50:06Z,https://www.benzinga.com/news/earnings/21/07/22245826/gillette-maker-procter-gamble-beats-on-q4-earnings-cfo-sees-rising-input-costs-across-the-range
PG,7029,input,2021-07-22 14:00:00,137.1,"Title: Gillette Maker Procter & Gamble Beats On Q4 Earnings; CFO Sees Rising Input Costs Across The Range 
 Content: ['', '© 2023 Benzinga.com. Benzinga does not provide investment advice. All rights reserved.']",Moderate Positive Correlation,2021-07-30T12:50:06Z,https://www.benzinga.com/news/earnings/21/07/22245826/gillette-maker-procter-gamble-beats-on-q4-earnings-cfo-sees-rising-input-costs-across-the-range
PG,7029,input,2021-07-22 15:00:00,137.87,"Title: Gillette Maker Procter & Gamble Beats On Q4 Earnings; CFO Sees Rising Input Costs Across The Range 
 Content: ['', '© 2023 Benzinga.com. Benzinga does not provide investment advice. All rights reserved.']",Moderate Positive Correlation,2021-07-30T12:50:06Z,https://www.benzinga.com/news/earnings/21/07/22245826/gillette-maker-procter-gamble-beats-on-q4-earnings-cfo-sees-rising-input-costs-across-the-range
PG,7029,input,2021-07-22 16:00:00,137.83,"Title: Gillette Maker Procter & Gamble Beats On Q4 Earnings; CFO Sees Rising Input Costs Across The Range 
 Content: ['', '© 2023 Benzinga.com. Benzinga does not provide investment advice. All rights reserved.']",Moderate Positive Correlation,2021-07-30T12:50:06Z,https://www.benzinga.com/news/earnings/21/07/22245826/gillette-maker-procter-gamble-beats-on-q4-earnings-cfo-sees-rising-input-costs-across-the-range
PG,7029,input,2021-07-22 17:00:00,137.7666,"Title: Gillette Maker Procter & Gamble Beats On Q4 Earnings; CFO Sees Rising Input Costs Across The Range 
 Content: ['', '© 2023 Benzinga.com. Benzinga does not provide investment advice. All rights reserved.']",Moderate Positive Correlation,2021-07-30T12:50:06Z,https://www.benzinga.com/news/earnings/21/07/22245826/gillette-maker-procter-gamble-beats-on-q4-earnings-cfo-sees-rising-input-costs-across-the-range
PG,7029,input,2021-07-22 18:00:00,137.79,"Title: Gillette Maker Procter & Gamble Beats On Q4 Earnings; CFO Sees Rising Input Costs Across The Range 
 Content: ['', '© 2023 Benzinga.com. Benzinga does not provide investment advice. All rights reserved.']",Moderate Positive Correlation,2021-07-30T12:50:06Z,https://www.benzinga.com/news/earnings/21/07/22245826/gillette-maker-procter-gamble-beats-on-q4-earnings-cfo-sees-rising-input-costs-across-the-range
PG,7029,input,2021-07-22 19:00:00,137.77,"Title: Gillette Maker Procter & Gamble Beats On Q4 Earnings; CFO Sees Rising Input Costs Across The Range 
 Content: ['', '© 2023 Benzinga.com. Benzinga does not provide investment advice. All rights reserved.']",Moderate Positive Correlation,2021-07-30T12:50:06Z,https://www.benzinga.com/news/earnings/21/07/22245826/gillette-maker-procter-gamble-beats-on-q4-earnings-cfo-sees-rising-input-costs-across-the-range
PG,7029,input,2021-07-23 13:30:00,137.48,"Title: Gillette Maker Procter & Gamble Beats On Q4 Earnings; CFO Sees Rising Input Costs Across The Range 
 Content: ['', '© 2023 Benzinga.com. Benzinga does not provide investment advice. All rights reserved.']",Moderate Positive Correlation,2021-07-30T12:50:06Z,https://www.benzinga.com/news/earnings/21/07/22245826/gillette-maker-procter-gamble-beats-on-q4-earnings-cfo-sees-rising-input-costs-across-the-range
PG,7029,input,2021-07-23 14:30:00,138.38,"Title: Gillette Maker Procter & Gamble Beats On Q4 Earnings; CFO Sees Rising Input Costs Across The Range 
 Content: ['', '© 2023 Benzinga.com. Benzinga does not provide investment advice. All rights reserved.']",Moderate Positive Correlation,2021-07-30T12:50:06Z,https://www.benzinga.com/news/earnings/21/07/22245826/gillette-maker-procter-gamble-beats-on-q4-earnings-cfo-sees-rising-input-costs-across-the-range
PG,7029,input,2021-07-23 15:30:00,139.26,"Title: Gillette Maker Procter & Gamble Beats On Q4 Earnings; CFO Sees Rising Input Costs Across The Range 
 Content: ['', '© 2023 Benzinga.com. Benzinga does not provide investment advice. All rights reserved.']",Moderate Positive Correlation,2021-07-30T12:50:06Z,https://www.benzinga.com/news/earnings/21/07/22245826/gillette-maker-procter-gamble-beats-on-q4-earnings-cfo-sees-rising-input-costs-across-the-range
PG,7029,input,2021-07-23 16:30:00,139.45,"Title: Gillette Maker Procter & Gamble Beats On Q4 Earnings; CFO Sees Rising Input Costs Across The Range 
 Content: ['', '© 2023 Benzinga.com. Benzinga does not provide investment advice. All rights reserved.']",Moderate Positive Correlation,2021-07-30T12:50:06Z,https://www.benzinga.com/news/earnings/21/07/22245826/gillette-maker-procter-gamble-beats-on-q4-earnings-cfo-sees-rising-input-costs-across-the-range
PG,7029,input,2021-07-23 17:30:00,139.66,"Title: Gillette Maker Procter & Gamble Beats On Q4 Earnings; CFO Sees Rising Input Costs Across The Range 
 Content: ['', '© 2023 Benzinga.com. Benzinga does not provide investment advice. All rights reserved.']",Moderate Positive Correlation,2021-07-30T12:50:06Z,https://www.benzinga.com/news/earnings/21/07/22245826/gillette-maker-procter-gamble-beats-on-q4-earnings-cfo-sees-rising-input-costs-across-the-range
PG,7029,input,2021-07-23 18:30:00,139.54,"Title: Gillette Maker Procter & Gamble Beats On Q4 Earnings; CFO Sees Rising Input Costs Across The Range 
 Content: ['', '© 2023 Benzinga.com. Benzinga does not provide investment advice. All rights reserved.']",Moderate Positive Correlation,2021-07-30T12:50:06Z,https://www.benzinga.com/news/earnings/21/07/22245826/gillette-maker-procter-gamble-beats-on-q4-earnings-cfo-sees-rising-input-costs-across-the-range
PG,7029,input,2021-07-23 19:30:00,139.75,"Title: Gillette Maker Procter & Gamble Beats On Q4 Earnings; CFO Sees Rising Input Costs Across The Range 
 Content: ['', '© 2023 Benzinga.com. Benzinga does not provide investment advice. All rights reserved.']",Moderate Positive Correlation,2021-07-30T12:50:06Z,https://www.benzinga.com/news/earnings/21/07/22245826/gillette-maker-procter-gamble-beats-on-q4-earnings-cfo-sees-rising-input-costs-across-the-range
PG,7029,input,2021-07-26 14:00:00,139.74,"Title: Gillette Maker Procter & Gamble Beats On Q4 Earnings; CFO Sees Rising Input Costs Across The Range 
 Content: ['', '© 2023 Benzinga.com. Benzinga does not provide investment advice. All rights reserved.']",Moderate Positive Correlation,2021-07-30T12:50:06Z,https://www.benzinga.com/news/earnings/21/07/22245826/gillette-maker-procter-gamble-beats-on-q4-earnings-cfo-sees-rising-input-costs-across-the-range
PG,7029,input,2021-07-26 15:00:00,140.07,"Title: Gillette Maker Procter & Gamble Beats On Q4 Earnings; CFO Sees Rising Input Costs Across The Range 
 Content: ['', '© 2023 Benzinga.com. Benzinga does not provide investment advice. All rights reserved.']",Moderate Positive Correlation,2021-07-30T12:50:06Z,https://www.benzinga.com/news/earnings/21/07/22245826/gillette-maker-procter-gamble-beats-on-q4-earnings-cfo-sees-rising-input-costs-across-the-range
PG,7029,input,2021-07-26 16:00:00,140.24,"Title: Gillette Maker Procter & Gamble Beats On Q4 Earnings; CFO Sees Rising Input Costs Across The Range 
 Content: ['', '© 2023 Benzinga.com. Benzinga does not provide investment advice. All rights reserved.']",Moderate Positive Correlation,2021-07-30T12:50:06Z,https://www.benzinga.com/news/earnings/21/07/22245826/gillette-maker-procter-gamble-beats-on-q4-earnings-cfo-sees-rising-input-costs-across-the-range
PG,7029,input,2021-07-26 17:00:00,140.42,"Title: Gillette Maker Procter & Gamble Beats On Q4 Earnings; CFO Sees Rising Input Costs Across The Range 
 Content: ['', '© 2023 Benzinga.com. Benzinga does not provide investment advice. All rights reserved.']",Moderate Positive Correlation,2021-07-30T12:50:06Z,https://www.benzinga.com/news/earnings/21/07/22245826/gillette-maker-procter-gamble-beats-on-q4-earnings-cfo-sees-rising-input-costs-across-the-range
PG,7029,input,2021-07-26 18:00:00,140.53,"Title: Gillette Maker Procter & Gamble Beats On Q4 Earnings; CFO Sees Rising Input Costs Across The Range 
 Content: ['', '© 2023 Benzinga.com. Benzinga does not provide investment advice. All rights reserved.']",Moderate Positive Correlation,2021-07-30T12:50:06Z,https://www.benzinga.com/news/earnings/21/07/22245826/gillette-maker-procter-gamble-beats-on-q4-earnings-cfo-sees-rising-input-costs-across-the-range
PG,7029,input,2021-07-26 19:00:00,140.51,"Title: Gillette Maker Procter & Gamble Beats On Q4 Earnings; CFO Sees Rising Input Costs Across The Range 
 Content: ['', '© 2023 Benzinga.com. Benzinga does not provide investment advice. All rights reserved.']",Moderate Positive Correlation,2021-07-30T12:50:06Z,https://www.benzinga.com/news/earnings/21/07/22245826/gillette-maker-procter-gamble-beats-on-q4-earnings-cfo-sees-rising-input-costs-across-the-range
PG,7029,input,2021-07-27 13:30:00,140.15,"Title: Gillette Maker Procter & Gamble Beats On Q4 Earnings; CFO Sees Rising Input Costs Across The Range 
 Content: ['', '© 2023 Benzinga.com. Benzinga does not provide investment advice. All rights reserved.']",Moderate Positive Correlation,2021-07-30T12:50:06Z,https://www.benzinga.com/news/earnings/21/07/22245826/gillette-maker-procter-gamble-beats-on-q4-earnings-cfo-sees-rising-input-costs-across-the-range
PG,7029,input,2021-07-27 14:30:00,140.78,"Title: Gillette Maker Procter & Gamble Beats On Q4 Earnings; CFO Sees Rising Input Costs Across The Range 
 Content: ['', '© 2023 Benzinga.com. Benzinga does not provide investment advice. All rights reserved.']",Moderate Positive Correlation,2021-07-30T12:50:06Z,https://www.benzinga.com/news/earnings/21/07/22245826/gillette-maker-procter-gamble-beats-on-q4-earnings-cfo-sees-rising-input-costs-across-the-range
PG,7029,input,2021-07-27 15:30:00,141.07,"Title: Gillette Maker Procter & Gamble Beats On Q4 Earnings; CFO Sees Rising Input Costs Across The Range 
 Content: ['', '© 2023 Benzinga.com. Benzinga does not provide investment advice. All rights reserved.']",Moderate Positive Correlation,2021-07-30T12:50:06Z,https://www.benzinga.com/news/earnings/21/07/22245826/gillette-maker-procter-gamble-beats-on-q4-earnings-cfo-sees-rising-input-costs-across-the-range
PG,7029,input,2021-07-27 16:30:00,140.97,"Title: Gillette Maker Procter & Gamble Beats On Q4 Earnings; CFO Sees Rising Input Costs Across The Range 
 Content: ['', '© 2023 Benzinga.com. Benzinga does not provide investment advice. All rights reserved.']",Moderate Positive Correlation,2021-07-30T12:50:06Z,https://www.benzinga.com/news/earnings/21/07/22245826/gillette-maker-procter-gamble-beats-on-q4-earnings-cfo-sees-rising-input-costs-across-the-range
PG,7029,input,2021-07-27 17:30:00,140.9,"Title: Gillette Maker Procter & Gamble Beats On Q4 Earnings; CFO Sees Rising Input Costs Across The Range 
 Content: ['', '© 2023 Benzinga.com. Benzinga does not provide investment advice. All rights reserved.']",Moderate Positive Correlation,2021-07-30T12:50:06Z,https://www.benzinga.com/news/earnings/21/07/22245826/gillette-maker-procter-gamble-beats-on-q4-earnings-cfo-sees-rising-input-costs-across-the-range
PG,7029,input,2021-07-27 18:30:00,140.72,"Title: Gillette Maker Procter & Gamble Beats On Q4 Earnings; CFO Sees Rising Input Costs Across The Range 
 Content: ['', '© 2023 Benzinga.com. Benzinga does not provide investment advice. All rights reserved.']",Moderate Positive Correlation,2021-07-30T12:50:06Z,https://www.benzinga.com/news/earnings/21/07/22245826/gillette-maker-procter-gamble-beats-on-q4-earnings-cfo-sees-rising-input-costs-across-the-range
PG,7029,input,2021-07-27 19:30:00,140.72,"Title: Gillette Maker Procter & Gamble Beats On Q4 Earnings; CFO Sees Rising Input Costs Across The Range 
 Content: ['', '© 2023 Benzinga.com. Benzinga does not provide investment advice. All rights reserved.']",Moderate Positive Correlation,2021-07-30T12:50:06Z,https://www.benzinga.com/news/earnings/21/07/22245826/gillette-maker-procter-gamble-beats-on-q4-earnings-cfo-sees-rising-input-costs-across-the-range
PG,7029,input,2021-07-28 14:00:00,140.44,"Title: Gillette Maker Procter & Gamble Beats On Q4 Earnings; CFO Sees Rising Input Costs Across The Range 
 Content: ['', '© 2023 Benzinga.com. Benzinga does not provide investment advice. All rights reserved.']",Moderate Positive Correlation,2021-07-30T12:50:06Z,https://www.benzinga.com/news/earnings/21/07/22245826/gillette-maker-procter-gamble-beats-on-q4-earnings-cfo-sees-rising-input-costs-across-the-range
PG,7029,input,2021-07-28 15:00:00,139.82,"Title: Gillette Maker Procter & Gamble Beats On Q4 Earnings; CFO Sees Rising Input Costs Across The Range 
 Content: ['', '© 2023 Benzinga.com. Benzinga does not provide investment advice. All rights reserved.']",Moderate Positive Correlation,2021-07-30T12:50:06Z,https://www.benzinga.com/news/earnings/21/07/22245826/gillette-maker-procter-gamble-beats-on-q4-earnings-cfo-sees-rising-input-costs-across-the-range
PG,7029,input,2021-07-28 16:00:00,139.57,"Title: Gillette Maker Procter & Gamble Beats On Q4 Earnings; CFO Sees Rising Input Costs Across The Range 
 Content: ['', '© 2023 Benzinga.com. Benzinga does not provide investment advice. All rights reserved.']",Moderate Positive Correlation,2021-07-30T12:50:06Z,https://www.benzinga.com/news/earnings/21/07/22245826/gillette-maker-procter-gamble-beats-on-q4-earnings-cfo-sees-rising-input-costs-across-the-range
PG,7029,input,2021-07-28 17:00:00,139.28,"Title: Gillette Maker Procter & Gamble Beats On Q4 Earnings; CFO Sees Rising Input Costs Across The Range 
 Content: ['', '© 2023 Benzinga.com. Benzinga does not provide investment advice. All rights reserved.']",Moderate Positive Correlation,2021-07-30T12:50:06Z,https://www.benzinga.com/news/earnings/21/07/22245826/gillette-maker-procter-gamble-beats-on-q4-earnings-cfo-sees-rising-input-costs-across-the-range
PG,7029,input,2021-07-28 18:00:00,139.28,"Title: Gillette Maker Procter & Gamble Beats On Q4 Earnings; CFO Sees Rising Input Costs Across The Range 
 Content: ['', '© 2023 Benzinga.com. Benzinga does not provide investment advice. All rights reserved.']",Moderate Positive Correlation,2021-07-30T12:50:06Z,https://www.benzinga.com/news/earnings/21/07/22245826/gillette-maker-procter-gamble-beats-on-q4-earnings-cfo-sees-rising-input-costs-across-the-range
PG,7029,input,2021-07-28 19:00:00,139.42,"Title: Gillette Maker Procter & Gamble Beats On Q4 Earnings; CFO Sees Rising Input Costs Across The Range 
 Content: ['', '© 2023 Benzinga.com. Benzinga does not provide investment advice. All rights reserved.']",Moderate Positive Correlation,2021-07-30T12:50:06Z,https://www.benzinga.com/news/earnings/21/07/22245826/gillette-maker-procter-gamble-beats-on-q4-earnings-cfo-sees-rising-input-costs-across-the-range
PG,7029,input,2021-07-29 13:30:00,139.76,"Title: Gillette Maker Procter & Gamble Beats On Q4 Earnings; CFO Sees Rising Input Costs Across The Range 
 Content: ['', '© 2023 Benzinga.com. Benzinga does not provide investment advice. All rights reserved.']",Moderate Positive Correlation,2021-07-30T12:50:06Z,https://www.benzinga.com/news/earnings/21/07/22245826/gillette-maker-procter-gamble-beats-on-q4-earnings-cfo-sees-rising-input-costs-across-the-range
PG,7029,input,2021-07-29 14:30:00,138.82,"Title: Gillette Maker Procter & Gamble Beats On Q4 Earnings; CFO Sees Rising Input Costs Across The Range 
 Content: ['', '© 2023 Benzinga.com. Benzinga does not provide investment advice. All rights reserved.']",Moderate Positive Correlation,2021-07-30T12:50:06Z,https://www.benzinga.com/news/earnings/21/07/22245826/gillette-maker-procter-gamble-beats-on-q4-earnings-cfo-sees-rising-input-costs-across-the-range
PG,7029,input,2021-07-29 15:30:00,139.22,"Title: Gillette Maker Procter & Gamble Beats On Q4 Earnings; CFO Sees Rising Input Costs Across The Range 
 Content: ['', '© 2023 Benzinga.com. Benzinga does not provide investment advice. All rights reserved.']",Moderate Positive Correlation,2021-07-30T12:50:06Z,https://www.benzinga.com/news/earnings/21/07/22245826/gillette-maker-procter-gamble-beats-on-q4-earnings-cfo-sees-rising-input-costs-across-the-range
PG,7029,input,2021-07-29 16:30:00,139.145,"Title: Gillette Maker Procter & Gamble Beats On Q4 Earnings; CFO Sees Rising Input Costs Across The Range 
 Content: ['', '© 2023 Benzinga.com. Benzinga does not provide investment advice. All rights reserved.']",Moderate Positive Correlation,2021-07-30T12:50:06Z,https://www.benzinga.com/news/earnings/21/07/22245826/gillette-maker-procter-gamble-beats-on-q4-earnings-cfo-sees-rising-input-costs-across-the-range
PG,7029,input,2021-07-29 17:30:00,139.45,"Title: Gillette Maker Procter & Gamble Beats On Q4 Earnings; CFO Sees Rising Input Costs Across The Range 
 Content: ['', '© 2023 Benzinga.com. Benzinga does not provide investment advice. All rights reserved.']",Moderate Positive Correlation,2021-07-30T12:50:06Z,https://www.benzinga.com/news/earnings/21/07/22245826/gillette-maker-procter-gamble-beats-on-q4-earnings-cfo-sees-rising-input-costs-across-the-range
PG,7029,input,2021-07-29 18:30:00,139.6,"Title: Gillette Maker Procter & Gamble Beats On Q4 Earnings; CFO Sees Rising Input Costs Across The Range 
 Content: ['', '© 2023 Benzinga.com. Benzinga does not provide investment advice. All rights reserved.']",Moderate Positive Correlation,2021-07-30T12:50:06Z,https://www.benzinga.com/news/earnings/21/07/22245826/gillette-maker-procter-gamble-beats-on-q4-earnings-cfo-sees-rising-input-costs-across-the-range
PG,7029,input,2021-07-29 19:30:00,139.63,"Title: Gillette Maker Procter & Gamble Beats On Q4 Earnings; CFO Sees Rising Input Costs Across The Range 
 Content: ['', '© 2023 Benzinga.com. Benzinga does not provide investment advice. All rights reserved.']",Moderate Positive Correlation,2021-07-30T12:50:06Z,https://www.benzinga.com/news/earnings/21/07/22245826/gillette-maker-procter-gamble-beats-on-q4-earnings-cfo-sees-rising-input-costs-across-the-range
PG,7029,output,2021-07-30 13:30:00,142.0,"Title: Gillette Maker Procter & Gamble Beats On Q4 Earnings; CFO Sees Rising Input Costs Across The Range 
 Content: ['', '© 2023 Benzinga.com. Benzinga does not provide investment advice. All rights reserved.']",Moderate Positive Correlation,2021-07-30T12:50:06Z,https://www.benzinga.com/news/earnings/21/07/22245826/gillette-maker-procter-gamble-beats-on-q4-earnings-cfo-sees-rising-input-costs-across-the-range
PG,7029,output,2021-07-30 14:30:00,143.24,"Title: Gillette Maker Procter & Gamble Beats On Q4 Earnings; CFO Sees Rising Input Costs Across The Range 
 Content: ['', '© 2023 Benzinga.com. Benzinga does not provide investment advice. All rights reserved.']",Moderate Positive Correlation,2021-07-30T12:50:06Z,https://www.benzinga.com/news/earnings/21/07/22245826/gillette-maker-procter-gamble-beats-on-q4-earnings-cfo-sees-rising-input-costs-across-the-range
PG,7029,output,2021-07-30 15:30:00,143.73,"Title: Gillette Maker Procter & Gamble Beats On Q4 Earnings; CFO Sees Rising Input Costs Across The Range 
 Content: ['', '© 2023 Benzinga.com. Benzinga does not provide investment advice. All rights reserved.']",Moderate Positive Correlation,2021-07-30T12:50:06Z,https://www.benzinga.com/news/earnings/21/07/22245826/gillette-maker-procter-gamble-beats-on-q4-earnings-cfo-sees-rising-input-costs-across-the-range
PG,7029,output,2021-07-30 16:30:00,142.98,"Title: Gillette Maker Procter & Gamble Beats On Q4 Earnings; CFO Sees Rising Input Costs Across The Range 
 Content: ['', '© 2023 Benzinga.com. Benzinga does not provide investment advice. All rights reserved.']",Moderate Positive Correlation,2021-07-30T12:50:06Z,https://www.benzinga.com/news/earnings/21/07/22245826/gillette-maker-procter-gamble-beats-on-q4-earnings-cfo-sees-rising-input-costs-across-the-range
PG,7029,output,2021-07-30 17:30:00,143.1,"Title: Gillette Maker Procter & Gamble Beats On Q4 Earnings; CFO Sees Rising Input Costs Across The Range 
 Content: ['', '© 2023 Benzinga.com. Benzinga does not provide investment advice. All rights reserved.']",Moderate Positive Correlation,2021-07-30T12:50:06Z,https://www.benzinga.com/news/earnings/21/07/22245826/gillette-maker-procter-gamble-beats-on-q4-earnings-cfo-sees-rising-input-costs-across-the-range
PG,7029,output,2021-07-30 18:30:00,142.585,"Title: Gillette Maker Procter & Gamble Beats On Q4 Earnings; CFO Sees Rising Input Costs Across The Range 
 Content: ['', '© 2023 Benzinga.com. Benzinga does not provide investment advice. All rights reserved.']",Moderate Positive Correlation,2021-07-30T12:50:06Z,https://www.benzinga.com/news/earnings/21/07/22245826/gillette-maker-procter-gamble-beats-on-q4-earnings-cfo-sees-rising-input-costs-across-the-range
PG,7029,output,2021-07-30 19:30:00,142.54,"Title: Gillette Maker Procter & Gamble Beats On Q4 Earnings; CFO Sees Rising Input Costs Across The Range 
 Content: ['', '© 2023 Benzinga.com. Benzinga does not provide investment advice. All rights reserved.']",Moderate Positive Correlation,2021-07-30T12:50:06Z,https://www.benzinga.com/news/earnings/21/07/22245826/gillette-maker-procter-gamble-beats-on-q4-earnings-cfo-sees-rising-input-costs-across-the-range
PG,7029,output,2021-08-02 14:00:00,141.09,"Title: Gillette Maker Procter & Gamble Beats On Q4 Earnings; CFO Sees Rising Input Costs Across The Range 
 Content: ['', '© 2023 Benzinga.com. Benzinga does not provide investment advice. All rights reserved.']",Moderate Positive Correlation,2021-07-30T12:50:06Z,https://www.benzinga.com/news/earnings/21/07/22245826/gillette-maker-procter-gamble-beats-on-q4-earnings-cfo-sees-rising-input-costs-across-the-range
PG,7029,output,2021-08-02 15:00:00,142.0874,"Title: Gillette Maker Procter & Gamble Beats On Q4 Earnings; CFO Sees Rising Input Costs Across The Range 
 Content: ['', '© 2023 Benzinga.com. Benzinga does not provide investment advice. All rights reserved.']",Moderate Positive Correlation,2021-07-30T12:50:06Z,https://www.benzinga.com/news/earnings/21/07/22245826/gillette-maker-procter-gamble-beats-on-q4-earnings-cfo-sees-rising-input-costs-across-the-range
PG,7029,output,2021-08-02 16:00:00,142.22,"Title: Gillette Maker Procter & Gamble Beats On Q4 Earnings; CFO Sees Rising Input Costs Across The Range 
 Content: ['', '© 2023 Benzinga.com. Benzinga does not provide investment advice. All rights reserved.']",Moderate Positive Correlation,2021-07-30T12:50:06Z,https://www.benzinga.com/news/earnings/21/07/22245826/gillette-maker-procter-gamble-beats-on-q4-earnings-cfo-sees-rising-input-costs-across-the-range
PG,7029,output,2021-08-02 17:00:00,141.69,"Title: Gillette Maker Procter & Gamble Beats On Q4 Earnings; CFO Sees Rising Input Costs Across The Range 
 Content: ['', '© 2023 Benzinga.com. Benzinga does not provide investment advice. All rights reserved.']",Moderate Positive Correlation,2021-07-30T12:50:06Z,https://www.benzinga.com/news/earnings/21/07/22245826/gillette-maker-procter-gamble-beats-on-q4-earnings-cfo-sees-rising-input-costs-across-the-range
PG,7029,output,2021-08-02 18:00:00,141.74,"Title: Gillette Maker Procter & Gamble Beats On Q4 Earnings; CFO Sees Rising Input Costs Across The Range 
 Content: ['', '© 2023 Benzinga.com. Benzinga does not provide investment advice. All rights reserved.']",Moderate Positive Correlation,2021-07-30T12:50:06Z,https://www.benzinga.com/news/earnings/21/07/22245826/gillette-maker-procter-gamble-beats-on-q4-earnings-cfo-sees-rising-input-costs-across-the-range
PG,7029,output,2021-08-02 19:00:00,141.75,"Title: Gillette Maker Procter & Gamble Beats On Q4 Earnings; CFO Sees Rising Input Costs Across The Range 
 Content: ['', '© 2023 Benzinga.com. Benzinga does not provide investment advice. All rights reserved.']",Moderate Positive Correlation,2021-07-30T12:50:06Z,https://www.benzinga.com/news/earnings/21/07/22245826/gillette-maker-procter-gamble-beats-on-q4-earnings-cfo-sees-rising-input-costs-across-the-range
PG,7029,output,2021-08-03 13:30:00,141.86,"Title: Gillette Maker Procter & Gamble Beats On Q4 Earnings; CFO Sees Rising Input Costs Across The Range 
 Content: ['', '© 2023 Benzinga.com. Benzinga does not provide investment advice. All rights reserved.']",Moderate Positive Correlation,2021-07-30T12:50:06Z,https://www.benzinga.com/news/earnings/21/07/22245826/gillette-maker-procter-gamble-beats-on-q4-earnings-cfo-sees-rising-input-costs-across-the-range
PG,7029,output,2021-08-03 14:30:00,143.92,"Title: Gillette Maker Procter & Gamble Beats On Q4 Earnings; CFO Sees Rising Input Costs Across The Range 
 Content: ['', '© 2023 Benzinga.com. Benzinga does not provide investment advice. All rights reserved.']",Moderate Positive Correlation,2021-07-30T12:50:06Z,https://www.benzinga.com/news/earnings/21/07/22245826/gillette-maker-procter-gamble-beats-on-q4-earnings-cfo-sees-rising-input-costs-across-the-range
PG,7029,output,2021-08-03 15:30:00,143.69,"Title: Gillette Maker Procter & Gamble Beats On Q4 Earnings; CFO Sees Rising Input Costs Across The Range 
 Content: ['', '© 2023 Benzinga.com. Benzinga does not provide investment advice. All rights reserved.']",Moderate Positive Correlation,2021-07-30T12:50:06Z,https://www.benzinga.com/news/earnings/21/07/22245826/gillette-maker-procter-gamble-beats-on-q4-earnings-cfo-sees-rising-input-costs-across-the-range
PG,7029,output,2021-08-03 16:30:00,143.725,"Title: Gillette Maker Procter & Gamble Beats On Q4 Earnings; CFO Sees Rising Input Costs Across The Range 
 Content: ['', '© 2023 Benzinga.com. Benzinga does not provide investment advice. All rights reserved.']",Moderate Positive Correlation,2021-07-30T12:50:06Z,https://www.benzinga.com/news/earnings/21/07/22245826/gillette-maker-procter-gamble-beats-on-q4-earnings-cfo-sees-rising-input-costs-across-the-range
PG,7029,output,2021-08-03 17:30:00,144.03,"Title: Gillette Maker Procter & Gamble Beats On Q4 Earnings; CFO Sees Rising Input Costs Across The Range 
 Content: ['', '© 2023 Benzinga.com. Benzinga does not provide investment advice. All rights reserved.']",Moderate Positive Correlation,2021-07-30T12:50:06Z,https://www.benzinga.com/news/earnings/21/07/22245826/gillette-maker-procter-gamble-beats-on-q4-earnings-cfo-sees-rising-input-costs-across-the-range
PG,7029,output,2021-08-03 18:30:00,143.86,"Title: Gillette Maker Procter & Gamble Beats On Q4 Earnings; CFO Sees Rising Input Costs Across The Range 
 Content: ['', '© 2023 Benzinga.com. Benzinga does not provide investment advice. All rights reserved.']",Moderate Positive Correlation,2021-07-30T12:50:06Z,https://www.benzinga.com/news/earnings/21/07/22245826/gillette-maker-procter-gamble-beats-on-q4-earnings-cfo-sees-rising-input-costs-across-the-range
PG,7029,output,2021-08-03 19:30:00,143.705,"Title: Gillette Maker Procter & Gamble Beats On Q4 Earnings; CFO Sees Rising Input Costs Across The Range 
 Content: ['', '© 2023 Benzinga.com. Benzinga does not provide investment advice. All rights reserved.']",Moderate Positive Correlation,2021-07-30T12:50:06Z,https://www.benzinga.com/news/earnings/21/07/22245826/gillette-maker-procter-gamble-beats-on-q4-earnings-cfo-sees-rising-input-costs-across-the-range
PG,7029,output,2021-08-04 14:00:00,143.7,"Title: Gillette Maker Procter & Gamble Beats On Q4 Earnings; CFO Sees Rising Input Costs Across The Range 
 Content: ['', '© 2023 Benzinga.com. Benzinga does not provide investment advice. All rights reserved.']",Moderate Positive Correlation,2021-07-30T12:50:06Z,https://www.benzinga.com/news/earnings/21/07/22245826/gillette-maker-procter-gamble-beats-on-q4-earnings-cfo-sees-rising-input-costs-across-the-range
PG,7029,output,2021-08-04 15:00:00,142.88,"Title: Gillette Maker Procter & Gamble Beats On Q4 Earnings; CFO Sees Rising Input Costs Across The Range 
 Content: ['', '© 2023 Benzinga.com. Benzinga does not provide investment advice. All rights reserved.']",Moderate Positive Correlation,2021-07-30T12:50:06Z,https://www.benzinga.com/news/earnings/21/07/22245826/gillette-maker-procter-gamble-beats-on-q4-earnings-cfo-sees-rising-input-costs-across-the-range
PG,7029,output,2021-08-04 16:00:00,143.01,"Title: Gillette Maker Procter & Gamble Beats On Q4 Earnings; CFO Sees Rising Input Costs Across The Range 
 Content: ['', '© 2023 Benzinga.com. Benzinga does not provide investment advice. All rights reserved.']",Moderate Positive Correlation,2021-07-30T12:50:06Z,https://www.benzinga.com/news/earnings/21/07/22245826/gillette-maker-procter-gamble-beats-on-q4-earnings-cfo-sees-rising-input-costs-across-the-range
PG,7029,output,2021-08-04 17:00:00,142.96,"Title: Gillette Maker Procter & Gamble Beats On Q4 Earnings; CFO Sees Rising Input Costs Across The Range 
 Content: ['', '© 2023 Benzinga.com. Benzinga does not provide investment advice. All rights reserved.']",Moderate Positive Correlation,2021-07-30T12:50:06Z,https://www.benzinga.com/news/earnings/21/07/22245826/gillette-maker-procter-gamble-beats-on-q4-earnings-cfo-sees-rising-input-costs-across-the-range
PG,7029,output,2021-08-04 18:00:00,143.03,"Title: Gillette Maker Procter & Gamble Beats On Q4 Earnings; CFO Sees Rising Input Costs Across The Range 
 Content: ['', '© 2023 Benzinga.com. Benzinga does not provide investment advice. All rights reserved.']",Moderate Positive Correlation,2021-07-30T12:50:06Z,https://www.benzinga.com/news/earnings/21/07/22245826/gillette-maker-procter-gamble-beats-on-q4-earnings-cfo-sees-rising-input-costs-across-the-range
PG,7029,output,2021-08-04 19:00:00,142.935,"Title: Gillette Maker Procter & Gamble Beats On Q4 Earnings; CFO Sees Rising Input Costs Across The Range 
 Content: ['', '© 2023 Benzinga.com. Benzinga does not provide investment advice. All rights reserved.']",Moderate Positive Correlation,2021-07-30T12:50:06Z,https://www.benzinga.com/news/earnings/21/07/22245826/gillette-maker-procter-gamble-beats-on-q4-earnings-cfo-sees-rising-input-costs-across-the-range
PG,7029,output,2021-08-05 13:30:00,143.35,"Title: Gillette Maker Procter & Gamble Beats On Q4 Earnings; CFO Sees Rising Input Costs Across The Range 
 Content: ['', '© 2023 Benzinga.com. Benzinga does not provide investment advice. All rights reserved.']",Moderate Positive Correlation,2021-07-30T12:50:06Z,https://www.benzinga.com/news/earnings/21/07/22245826/gillette-maker-procter-gamble-beats-on-q4-earnings-cfo-sees-rising-input-costs-across-the-range
PG,7029,output,2021-08-05 14:30:00,142.45,"Title: Gillette Maker Procter & Gamble Beats On Q4 Earnings; CFO Sees Rising Input Costs Across The Range 
 Content: ['', '© 2023 Benzinga.com. Benzinga does not provide investment advice. All rights reserved.']",Moderate Positive Correlation,2021-07-30T12:50:06Z,https://www.benzinga.com/news/earnings/21/07/22245826/gillette-maker-procter-gamble-beats-on-q4-earnings-cfo-sees-rising-input-costs-across-the-range
PG,7029,output,2021-08-05 15:30:00,141.65,"Title: Gillette Maker Procter & Gamble Beats On Q4 Earnings; CFO Sees Rising Input Costs Across The Range 
 Content: ['', '© 2023 Benzinga.com. Benzinga does not provide investment advice. All rights reserved.']",Moderate Positive Correlation,2021-07-30T12:50:06Z,https://www.benzinga.com/news/earnings/21/07/22245826/gillette-maker-procter-gamble-beats-on-q4-earnings-cfo-sees-rising-input-costs-across-the-range
PG,7029,output,2021-08-05 16:30:00,141.88,"Title: Gillette Maker Procter & Gamble Beats On Q4 Earnings; CFO Sees Rising Input Costs Across The Range 
 Content: ['', '© 2023 Benzinga.com. Benzinga does not provide investment advice. All rights reserved.']",Moderate Positive Correlation,2021-07-30T12:50:06Z,https://www.benzinga.com/news/earnings/21/07/22245826/gillette-maker-procter-gamble-beats-on-q4-earnings-cfo-sees-rising-input-costs-across-the-range
PG,7029,output,2021-08-05 17:30:00,141.85,"Title: Gillette Maker Procter & Gamble Beats On Q4 Earnings; CFO Sees Rising Input Costs Across The Range 
 Content: ['', '© 2023 Benzinga.com. Benzinga does not provide investment advice. All rights reserved.']",Moderate Positive Correlation,2021-07-30T12:50:06Z,https://www.benzinga.com/news/earnings/21/07/22245826/gillette-maker-procter-gamble-beats-on-q4-earnings-cfo-sees-rising-input-costs-across-the-range
PG,7029,output,2021-08-05 18:30:00,141.99,"Title: Gillette Maker Procter & Gamble Beats On Q4 Earnings; CFO Sees Rising Input Costs Across The Range 
 Content: ['', '© 2023 Benzinga.com. Benzinga does not provide investment advice. All rights reserved.']",Moderate Positive Correlation,2021-07-30T12:50:06Z,https://www.benzinga.com/news/earnings/21/07/22245826/gillette-maker-procter-gamble-beats-on-q4-earnings-cfo-sees-rising-input-costs-across-the-range
PG,7029,output,2021-08-05 19:30:00,142.05,"Title: Gillette Maker Procter & Gamble Beats On Q4 Earnings; CFO Sees Rising Input Costs Across The Range 
 Content: ['', '© 2023 Benzinga.com. Benzinga does not provide investment advice. All rights reserved.']",Moderate Positive Correlation,2021-07-30T12:50:06Z,https://www.benzinga.com/news/earnings/21/07/22245826/gillette-maker-procter-gamble-beats-on-q4-earnings-cfo-sees-rising-input-costs-across-the-range
